3547	17	10465	1
6140	186	8686	0
550	196	7855	1
3689	154	563	0
11776	89	11881	1
9548	236	7594	1
4222	80	7467	0
2162	186	5434	0
11640	89	4953	0
1620	108	8572	1
3366	73	10416	0
12499	178	12109	1
11494	59	1084	1
9251	191	1372	1
12369	96	4488	1
5840	186	5434	0
7553	13	8450	1
4715	159	2731	0
7624	89	11881	0
12388	188	4471	0
622	149	6070	0
5287	3	13196	0
6715	96	10416	0
7231	96	13209	1
5342	50	10191	0
5812	9	9559	1
7839	78	10559	0
3441	108	8572	0
4403	156	1740	0
4212	96	9808	1
7803	189	14146	1
4824	6	9139	1
10589	140	3378	0
5091	10	5682	1
9986	189	3973	0
11594	89	10717	1
4610	9	10634	1
4532	191	11880	1
1853	85	9061	1
2885	152	13363	1
12227	191	13890	0
10416	129	19	0
10078	89	11337	0
12319	100	14279	0
903	162	9323	1
11707	86	4366	1
5605	190	12262	1
166	115	11637	0
7777	215	936	1
4227	188	9808	1
12033	3	8768	0
8518	165	13413	0
12439	188	10416	1
13148	6	5295	0
12327	149	3189	0
10831	28	3698	1
8911	149	3365	0
11188	173	2122	0
4903	3	11809	0
12868	180	5474	0
2456	183	7090	1
9976	102	14497	0
629	149	14002	0
2804	159	3719	0
6210	9	3594	1
2957	33	2519	0
539	68	11241	0
1782	68	7882	1
4359	96	5190	0
1265	191	11273	1
11338	129	7673	1
12545	68	8446	0
13418	228	4366	1
13628	156	4938	0
8369	129	438	0
1096	52	11494	0
4635	47	783	1
5579	188	10416	1
3376	193	5132	0
9225	191	4454	0
1888	68	7129	1
2281	173	8572	1
5489	10	10331	1
9976	102	3715	0
10453	166	2070	1
4657	96	13007	0
4483	122	1506	0
5175	182	14290	1
4654	149	8205	1
1321	159	205	0
8242	191	1271	1
11770	191	1372	1
12342	206	12082	1
10416	124	13886	1
8780	96	13209	0
13326	95	3942	1
12571	3	61	0
1318	194	14136	0
5993	87	2579	0
13162	68	5034	1
12129	131	5914	1
4279	89	11337	0
8591	165	13472	1
11630	219	7788	0
3408	178	5837	0
5269	3	11152	0
12342	206	1798	1
9274	92	6167	0
7964	68	1574	0
6276	68	11398	0
3628	89	11337	0
7684	158	37	1
5436	227	13517	0
14012	126	14012	0
12473	149	1417	0
387	52	692	0
9671	50	10191	1
2846	188	8523	1
1453	68	755	1
12710	9	5281	1
9979	129	13650	0
12677	85	1779	1
8818	96	8960	0
12572	3	3276	1
8519	158	3227	1
9559	3	3465	1
7918	186	8686	1
11378	92	10753	1
586	68	1825	1
2311	186	8686	0
10376	3	12075	1
12057	62	8710	1
10553	6	6086	0
5286	96	8518	1
10416	124	13882	1
9134	188	9808	1
7554	68	2407	0
2465	236	7594	0
8759	188	10416	1
2986	85	4072	0
10905	99	7894	1
6301	188	10416	1
4566	191	1372	0
6921	188	10416	0
13298	59	10391	1
4566	191	1372	1
2052	186	8686	0
6473	96	13007	0
7558	203	2004	1
1511	33	564	0
13814	188	10416	1
6074	191	10512	0
13244	161	3785	0
5385	4	2614	1
8054	73	12910	0
11795	47	12970	0
9219	16	3492	1
8229	3	2083	0
11449	166	5714	1
1149	190	9292	0
5952	3	5056	1
10521	50	10191	1
14051	85	8454	0
10712	159	421	1
10312	58	12348	0
3566	129	9203	0
4137	50	10191	0
2815	9	6495	0
1513	131	4280	0
8979	68	11900	0
8495	50	10191	1
867	50	10191	1
4925	3	11049	0
11131	7	6195	0
2010	191	4409	1
5199	149	1166	0
3978	3	1181	0
7855	184	11697	1
9779	52	4208	1
1954	188	11524	0
10387	191	490	1
12614	96	8901	1
7938	58	8504	1
2001	191	4409	1
12033	5	12630	0
4627	188	10416	0
5111	50	10191	1
5457	100	7285	1
13923	127	12970	1
7774	129	7987	0
4471	129	11310	1
14283	87	13535	1
6667	191	6137	1
2201	190	11941	0
11900	98	7075	0
12866	59	11576	1
5775	115	6076	1
2251	188	10416	1
4959	81	9637	0
7595	192	11244	1
12769	50	10191	1
6134	42	1202	0
10436	222	1230	0
392	115	6221	1
8987	182	4366	1
4931	3	13098	0
7250	188	6545	0
5363	149	393	0
6546	108	8099	1
1233	6	2718	1
11728	96	8502	1
9333	13	5214	0
2583	178	13960	0
5382	3	13979	0
3691	9	1942	1
7765	191	4409	1
13063	149	10510	0
13118	6	8236	1
10493	148	3473	0
6127	192	11244	1
4013	68	7465	0
11424	14	11148	1
9631	115	8515	0
10677	183	7611	0
4775	86	4366	0
13750	96	9084	0
5506	87	12237	1
6046	196	7855	1
8094	149	6028	0
11287	98	7513	1
13422	149	10487	1
7235	129	7676	1
11754	80	5474	0
13019	58	2073	0
8825	191	1372	1
9894	37	4366	0
6837	3	3576	1
3943	129	9508	1
8708	106	9211	1
4480	56	1966	1
8823	188	10416	0
684	189	7467	1
702	100	5803	1
7977	100	12072	0
8013	9	4204	1
7885	148	8848	0
721	150	8911	1
1096	52	4472	1
9677	85	13491	0
2080	191	1127	0
3814	85	6434	0
12689	86	5642	1
6357	21	12606	0
8966	89	4953	0
7342	159	668	1
4775	96	5635	1
12319	100	9152	1
635	190	8099	1
4633	191	4454	1
10299	219	5883	1
8816	89	10717	0
801	151	4929	1
13965	3	5422	0
2075	59	8024	1
12184	100	5016	1
4903	3	11462	0
6252	222	10316	1
12597	1	12418	1
1707	91	1704	1
2863	186	8686	1
13486	68	10964	1
3489	5	2997	0
504	189	12582	0
13099	80	12217	0
4840	149	12917	1
7578	171	8512	0
9115	156	6265	0
6061	50	10191	1
1725	58	2073	1
1306	159	2189	1
12396	58	8504	1
11556	128	13724	1
8506	99	9041	1
7874	130	7830	1
1373	149	6052	0
531	190	2975	0
12328	16	7967	0
9828	89	11337	0
8086	235	9226	1
3466	191	10512	1
10286	85	13491	1
8517	73	11338	1
1290	166	13401	0
11136	218	11665	1
8291	222	8349	0
699	52	1436	1
5199	149	7012	1
3493	5	2069	0
2282	191	13349	1
5925	156	14450	1
4434	9	11432	1
11188	9	8450	0
9229	191	13890	1
11247	191	1372	1
4015	85	3137	0
73	95	3942	1
12666	56	8976	0
2276	1	2276	0
5473	9	12560	0
7765	68	7430	1
10416	124	11510	1
7771	86	8782	1
9817	107	7398	0
4396	191	4409	1
7251	89	4953	0
14103	14	451	1
14056	196	7855	1
2184	68	7650	1
4022	53	434	1
12808	143	10506	1
3058	190	14364	1
10845	28	3696	1
11538	137	1043	1
5904	95	3942	1
2912	50	10191	0
4094	189	5474	1
10320	85	7810	0
12478	96	8502	0
12671	89	10717	1
13045	102	6944	1
10371	3	7643	1
2875	191	11891	0
8179	191	1372	0
2635	190	8099	1
9583	190	7752	1
8152	9	10890	1
657	149	9704	1
13849	89	11337	0
7012	191	4409	1
13304	57	8348	1
4624	11	8492	1
14275	56	12979	1
13592	9	11032	1
8591	165	13411	1
8818	13	4301	1
7407	89	4953	1
6838	186	5434	1
8679	58	8504	1
5774	140	3378	0
2681	9	4804	1
12580	3	4388	0
2842	68	5668	1
11725	111	8707	0
5639	196	1555	0
5909	57	8464	1
11969	96	11338	1
6169	95	3942	1
714	191	1261	1
6408	191	4409	0
6873	88	7508	0
8874	86	4366	1
5744	179	949	1
11501	105	3510	0
3358	188	10416	1
13139	96	2071	0
7959	85	4510	0
4856	192	11244	0
4096	57	8938	0
13965	5	11126	1
183	149	6056	1
5274	3	839	1
2867	191	13836	0
12499	178	3144	0
11916	191	3932	0
11362	3	8687	1
1022	166	6176	0
7436	122	1506	0
1608	166	9107	1
1415	191	925	0
3135	188	6545	1
9852	50	10191	0
13098	96	3152	1
523	164	4600	1
10304	3	10495	0
9808	129	2556	1
9117	171	11599	0
9533	183	11526	1
13127	236	7594	0
10640	148	8056	0
979	154	5228	0
12168	74	3942	1
9220	219	6833	1
12146	196	7855	1
8481	3	5994	1
10985	96	9837	0
12562	3	6978	1
1399	172	10416	1
8535	115	12025	0
10853	9	4771	0
4722	196	1555	1
1009	186	8686	1
8207	33	4944	1
3675	96	5190	1
2236	68	8748	1
7115	89	490	0
9089	68	4893	0
1324	230	4958	0
9286	230	12008	1
6890	183	8850	1
8591	216	7482	0
9327	96	2070	0
12957	141	882	0
1122	191	13349	0
5625	156	13006	1
9775	191	1261	0
13162	11	880	1
8419	58	12057	0
13265	9	10889	0
9985	227	9791	1
4471	129	8378	1
6901	196	7855	0
370	147	7467	1
4460	39	10559	1
8643	203	479	0
6905	113	1614	1
13274	187	4366	1
5358	96	5714	1
9906	6	8613	0
13815	115	6066	0
7645	50	10191	1
13997	191	4409	1
441	67	4366	0
63	95	3942	1
6730	100	6437	1
6417	5	8016	0
4188	92	6954	0
35	159	6225	0
6566	68	873	1
12221	85	1557	1
10067	96	6559	0
12506	3	5026	1
1153	149	4652	0
11790	89	2290	0
14386	183	2824	1
13751	96	8518	1
95	149	6128	1
2741	9	1207	1
7810	140	14492	0
11021	89	11560	0
11193	121	1160	0
2699	189	5474	1
8166	7	6439	0
11495	80	8918	1
10677	182	14290	0
13952	131	4383	0
1787	196	7855	1
3209	4	12988	0
8036	95	3942	0
12917	50	10191	0
1782	190	5474	0
8254	68	9333	0
10090	192	9490	1
1726	39	10559	0
7075	185	8064	0
4543	180	8882	1
2536	59	4591	0
12147	96	440	1
6159	76	7006	1
9316	89	2290	0
6677	109	4331	1
8708	177	2713	0
2340	73	10416	0
6944	96	5474	1
10208	178	3445	1
9662	96	8136	0
456	99	6116	0
12572	1	12418	1
1142	188	10416	1
6603	108	6135	0
10415	50	10191	1
5232	3	5358	0
14451	131	4383	1
11974	3	4141	1
338	9	3748	0
1457	85	9112	1
2455	58	6534	0
10455	192	11244	0
1632	108	7544	1
6147	190	14153	1
7207	191	925	0
10617	11	11593	1
387	52	7199	0
4763	3	4484	0
2736	186	8686	1
8547	188	11524	1
8597	190	5474	1
5629	191	159	0
3948	68	4838	1
8258	173	8815	1
3995	190	11286	0
9779	53	10735	1
10367	5	11383	1
2924	68	50	1
12824	105	9639	0
1844	171	13877	1
2237	190	7467	1
10939	73	9808	1
11561	182	5487	1
12669	96	6176	1
4893	89	11337	1
13508	148	308	1
4235	4	5171	1
1734	9	12597	1
7795	115	12360	1
1932	68	5404	1
5279	85	9791	0
450	10	1781	1
1879	150	5868	1
12570	3	11677	0
7140	78	10559	0
4403	156	6494	0
798	9	3488	0
10483	14	13310	0
10304	3	11481	0
12627	96	2197	1
16	68	11296	0
11082	57	8348	1
13905	131	4280	1
629	149	7017	1
8336	149	2912	0
9148	190	10414	1
13588	115	9262	0
5820	9	4242	0
4203	9	4324	1
13480	215	5179	1
7889	156	14128	1
7577	181	599	1
6288	166	10079	0
9138	9	7984	0
4647	85	9112	1
6258	149	7662	1
2671	158	13361	1
9761	68	9259	0
8809	59	3976	1
4695	89	10118	0
3386	9	8449	0
2015	148	3689	1
11152	13	12597	1
9621	149	675	0
3591	68	4827	1
12447	96	13016	0
10261	85	4669	0
946	55	946	0
8178	122	1369	1
419	191	1372	0
9903	6	10488	1
4763	3	12071	0
9816	188	6545	0
8973	58	8504	0
13958	50	10191	0
9770	191	4409	0
10416	129	14226	1
11357	3	8305	1
5807	169	6781	0
6943	196	7855	1
4657	96	2070	1
6713	40	9242	1
5246	50	10191	0
9895	154	6516	1
7546	9	11432	1
12034	105	12712	0
11653	96	477	0
11602	102	8462	1
7741	68	8747	1
3780	191	4409	1
10917	52	9881	1
8818	96	596	1
10086	50	10191	1
5625	154	1953	1
10468	6	9246	0
8110	68	5223	1
107	9	6475	1
7268	9	10634	1
3426	196	7855	1
5279	96	2070	1
12460	96	6581	1
6544	216	1146	0
990	39	10559	1
7126	89	11881	1
7185	96	11338	0
989	186	8686	1
4425	113	4333	1
2122	129	14156	1
6653	10	8220	0
1197	93	7076	1
12569	3	13238	0
8207	9	8465	1
11049	96	12770	1
13310	68	10483	0
6149	6	11235	1
4775	96	5635	0
3983	85	9991	1
8357	128	2960	1
11599	219	6834	1
1113	93	7668	0
9450	188	10416	1
11034	173	8864	1
8152	9	7510	1
9219	16	1898	1
8369	129	438	1
3355	93	10388	0
10640	148	7642	1
4868	129	9122	1
9226	164	4597	0
5656	191	1372	1
5117	58	4165	0
13751	96	8092	0
2680	187	4100	0
486	68	11029	0
5182	96	8381	0
7231	96	8092	0
11473	34	3608	0
2097	39	10559	1
7124	89	3011	0
5491	75	9808	0
698	9	4243	0
1697	180	3846	1
5855	188	10416	1
9662	96	8136	1
2416	68	5610	0
11040	186	8686	0
13453	162	9314	1
2500	196	7855	0
6561	13	9480	1
9650	167	13244	1
12237	191	12141	0
9862	58	4436	0
13117	17	8288	0
12160	89	4977	1
6201	3	4473	1
13139	96	8092	1
6384	80	4219	0
2705	9	4250	0
9791	140	6432	0
10711	79	8313	0
12574	5	6853	0
7458	102	1834	1
1290	166	6552	0
10140	13	5250	1
5400	218	12	0
2511	166	12770	1
11677	89	4953	1
2761	50	10191	1
11847	96	6544	1
3009	190	5474	0
5466	12	2541	0
3699	89	2290	1
1858	85	8706	0
4125	187	4100	1
2311	186	8686	1
12016	23	7186	1
10968	8	12460	1
1545	196	1555	1
5924	53	5778	1
9273	159	8922	1
13940	38	12918	0
10416	129	14289	1
9215	188	10416	0
4830	96	11524	0
2932	68	10146	1
7412	190	14013	0
12303	89	4953	0
12711	196	7855	1
8434	189	4147	1
6928	196	7855	1
6325	230	4575	0
514	191	4409	1
3389	186	8686	0
3228	131	5914	1
1616	108	9629	0
10714	191	4409	1
1839	58	8497	0
13555	96	477	0
2855	191	1261	1
11311	85	4553	1
5351	3	1528	0
14054	17	2241	1
9914	176	4004	0
12831	177	4000	1
1645	68	11828	0
12440	192	10280	1
4359	89	10717	0
10366	3	1293	1
5170	96	7413	1
3203	188	10416	0
12576	3	13991	0
3017	58	10735	1
8060	2	6434	1
5663	191	1372	0
5178	188	10416	1
4368	52	13089	0
10592	85	6275	0
6697	215	5179	1
12392	183	11588	0
13913	128	13912	1
680	19	10494	1
11100	89	11337	0
7889	154	3431	0
7967	188	10416	0
11821	183	9325	0
845	191	10512	0
8605	165	496	0
1234	4	14010	1
801	151	4929	0
4598	196	7855	1
5382	3	1461	1
1485	149	7991	1
4403	154	920	1
5088	68	12422	0
6542	159	3365	1
12467	89	10678	0
2547	92	11647	0
6876	192	5874	0
13797	138	10559	1
12459	96	9808	0
2238	191	11545	0
987	148	5500	0
7778	11	9300	1
8993	216	1076	0
5057	154	8186	0
10294	78	10559	0
10518	79	4964	1
6148	11	3805	0
7342	159	668	0
714	50	10191	0
12572	5	11130	1
9995	85	3240	0
10573	95	3942	0
5925	156	13281	1
9583	68	9844	0
4002	13	4771	1
1781	9	1270	1
516	228	4366	0
10387	190	12760	1
12383	190	4372	1
4619	186	5434	0
978	145	6581	0
6520	96	5714	1
7308	9	4917	1
10904	85	9991	0
445	219	3891	1
8809	59	3904	1
7704	128	1580	1
12332	58	8504	0
602	158	10340	1
3035	179	948	1
8755	92	6290	1
5043	56	8976	1
6953	58	2073	1
7535	3	6925	1
8032	10	12051	0
13186	219	6834	1
6777	171	14146	0
6215	89	2774	0
11805	96	10823	0
14017	33	11160	0
399	142	1676	1
6613	80	14091	0
5859	166	7767	1
1746	188	4471	1
12456	87	8123	1
1503	96	7366	1
627	149	2703	0
13062	202	3538	1
11322	190	11486	0
3569	9	11364	1
7356	175	7332	1
8500	60	8500	0
3040	93	856	1
5542	148	1724	1
1130	149	2691	1
14248	126	14248	0
1011	96	2070	0
6505	131	4587	0
7984	4	12680	0
12304	6	11106	0
3363	13	3773	1
10904	96	5190	0
9813	190	8366	1
7177	86	4366	0
10814	191	6137	0
874	59	8779	1
11447	94	11572	0
699	52	4537	0
752	80	14196	0
5048	182	6268	1
9730	189	9360	1
9361	191	6137	0
13510	129	2634	1
7669	115	609	1
704	100	12369	1
1778	189	6300	0
9355	210	1092	1
11906	13	10423	1
1837	79	7641	1
8500	59	10474	1
11374	189	251	1
9138	9	12597	0
4403	154	12165	0
8449	3	2083	0
10661	172	10416	0
13046	202	8778	0
10416	124	13902	0
11321	191	4409	1
4619	196	7855	1
825	140	6650	1
11698	187	10403	0
8883	74	9396	1
12328	16	9547	0
12009	78	10559	1
8410	190	11934	0
8723	4	12726	0
14517	68	13316	1
12660	96	6543	1
448	112	14338	0
9302	190	3973	1
8911	149	9185	1
2672	191	4416	0
12127	3	10277	0
12630	6	8155	0
6596	191	4409	0
7368	86	4366	0
8305	227	6275	0
12091	105	4710	0
4933	226	10416	1
4767	206	5414	0
13870	131	4383	0
8581	189	1133	0
5274	3	9933	0
35	159	4180	1
846	159	2164	1
12996	85	10402	0
7712	60	7712	0
4314	12	9086	0
4750	78	10559	0
2483	50	10191	1
8911	149	433	0
13098	96	11537	1
13813	85	4553	1
13358	9	4903	1
11204	6	5921	0
6925	85	8454	0
1813	55	1813	1
12472	149	5846	0
10837	28	4769	1
12956	96	9468	0
6642	115	5659	1
7053	92	9391	0
1802	87	3198	0
4161	29	1138	1
2183	9	11435	1
7332	100	11741	0
846	159	2722	0
8707	106	11338	1
66	89	10678	0
3973	34	1848	1
2280	196	7855	1
9314	166	8591	0
9874	17	10465	1
2169	186	8686	0
1014	9	10599	0
8057	9	12562	0
1873	9	10376	1
1470	9	11203	1
8506	14	9041	0
1218	58	434	1
4691	5	2997	1
113	9	4239	1
9516	154	5870	0
10416	129	13298	1
12614	85	9791	1
12392	183	12907	0
3721	78	10559	1
9582	236	7594	0
5776	105	9744	1
2498	95	9929	1
3530	190	7467	0
13913	128	13912	0
10416	129	19	1
35	159	11319	1
7513	191	1372	0
3757	4	7089	0
6134	42	1202	1
8708	177	3385	1
10366	3	6711	0
5529	186	8686	0
4299	3	1715	1
13604	9	3087	1
12307	85	4510	1
13298	59	8433	0
14100	191	4409	1
12560	3	3758	1
387	52	4666	0
11296	96	1315	0
8748	96	8915	1
2793	191	4523	1
10772	9	8694	1
3123	209	8271	0
7924	68	11580	0
13389	138	10559	1
13399	127	12970	0
11385	186	5434	0
7769	165	13030	0
5365	96	9107	1
5670	86	6268	0
12368	95	3942	0
2985	68	5004	1
4016	92	6167	0
1331	68	5004	0
9808	129	3111	1
7358	68	11415	1
10367	3	10259	0
7161	9	5213	1
11038	96	5851	0
8750	186	5434	0
2809	158	13367	1
4012	68	13169	0
12431	148	979	1
1323	194	14153	0
9846	57	8348	1
5690	209	13054	1
702	100	7849	0
7145	166	9084	0
2876	186	8686	1
8700	89	11881	1
6990	86	4100	1
5878	236	7594	0
9755	186	8686	1
10284	10	4766	0
11524	19	4438	1
7769	18	12908	0
7458	102	8780	0
14010	151	7478	1
2709	39	10559	1
2546	95	3942	0
4771	3	146	0
11436	5	8067	1
6291	68	4865	1
6830	96	5635	1
10369	191	1372	1
11085	90	5920	0
7100	89	2774	0
8818	89	5359	0
11473	29	1138	1
6428	74	9396	0
10192	87	4476	0
10038	136	11338	0
9314	166	10918	1
1451	68	4279	1
7097	115	10346	1
6536	3	11959	1
913	68	5697	0
2683	156	7478	0
321	47	6571	1
11441	196	7855	1
12560	3	12721	0
2735	50	10191	0
129	191	4409	0
2253	189	4219	0
1524	67	4366	0
10963	86	4421	0
4177	183	10013	0
4691	5	12647	0
829	96	2197	0
5219	173	2122	0
11444	89	10717	0
3423	96	8518	1
3445	186	5434	0
12466	96	440	1
10996	10	1873	1
7012	191	11703	1
9088	9	12560	0
987	148	5500	1
9874	58	7672	0
13472	234	1290	1
5424	56	1966	0
12080	3	12691	0
10180	68	2355	1
10495	85	6482	1
6593	5	8016	1
11296	96	9122	0
5281	3	755	0
7721	80	8363	0
2473	59	7084	1
9489	89	2290	1
736	86	4366	1
3358	68	11253	0
9794	149	2734	1
2960	128	8357	1
11971	191	11273	1
