40477	3	40341	1
11995	1	5006	1
17700	3	18915	1
7872	5	7911	1
1726	3	1719	0
23995	3	23990	1
27994	4	27261	1
28098	2	28111	0
5840	1	8233	0
3480	1	22267	0
26849	3	26848	0
2868	3	2869	0
8451	3	721	0
12043	5	12067	1
36921	3	33412	0
33937	2	33939	1
6321	3	6319	1
19620	3	17353	1
37574	5	37588	0
21692	1	1718	0
24701	9	5712	0
9450	3	9219	0
9855	1	28829	0
40307	3	40475	0
4270	1	29415	0
24055	1	16866	1
21284	2	20986	0
23489	1	4948	0
31	1	32527	0
11047	0	7675	1
8174	1	6107	1
14050	3	14048	0
24	3	618	0
17866	3	19484	0
565	1	1469	1
26007	1	8716	0
12892	3	12889	1
32554	4	32281	0
13427	3	12517	0
33348	3	33181	1
28768	2	28769	0
14365	10	6156	1
7226	1	27447	0
33727	3	33408	0
15325	3	7857	1
20988	3	20858	0
11204	3	11190	0
10294	3	9868	0
9625	3	9215	1
22813	1	5949	1
8713	1	1547	1
33700	5	33712	0
22066	1	12282	0
14311	1	16707	1
22367	1	3853	0
37427	5	37440	0
15725	1	17395	0
34115	5	34171	1
29910	1	14758	1
8055	1	27321	1
8023	1	2180	0
5788	1	32479	1
39792	3	39791	0
33837	3	33407	0
25411	1	8037	1
25322	3	126	1
33663	2	25813	0
16598	1	38143	0
1623	3	1621	0
2650	1	1243	0
36436	5	36440	0
34253	5	34284	0
33772	3	33770	1
39073	1	6588	1
8895	5	8959	0
8453	1	1551	0
3618	1	5830	0
9625	3	9215	0
14365	10	6156	0
8381	1	25174	1
37444	3	37442	0
15808	3	18045	1
21410	3	21409	1
4511	10	4512	1
27977	6	2643	1
15303	3	15299	1
11960	3	10394	1
20907	3	20898	0
6582	1	5948	0
8946	3	8322	0
11309	3	9854	1
35676	5	35677	1
31709	1	4102	1
32575	4	30537	0
30621	1	4387	0
32272	9	26682	0
15109	1	32211	0
12684	3	12683	0
28959	4	29264	1
23141	2	23102	1
1714	1	24396	1
20392	1	3120	0
30133	3	31121	1
10663	3	10680	0
2151	1	2202	1
20349	1	6902	0
17284	3	15708	1
7677	3	26718	1
21674	3	21672	1
16727	1	286	1
16993	3	19143	1
10911	5	10991	1
9766	1	3592	1
11130	1	24930	0
26833	3	26841	1
40578	2	40579	1
4617	3	4594	1
29155	4	29264	0
12110	1	19772	0
27548	2	27549	0
34586	5	34660	0
16127	3	17731	0
21422	2	21425	0
31310	1	2666	1
40110	3	19480	1
1957	3	1867	1
16585	1	22993	0
18972	3	17443	1
30924	3	29885	1
9790	3	9219	1
23416	7	564	0
19637	3	115	1
1056	3	721	0
29169	4	29248	1
2892	1	6417	0
22888	7	16300	1
3709	1	980	0
12019	3	11966	0
26647	5	30241	1
14727	3	14691	0
18596	1	7304	1
31818	3	30719	1
9582	5	9583	1
40346	3	39990	0
38859	1	218	0
528	1	31777	1
2584	10	2585	1
17274	3	17602	1
40466	2	40467	1
38812	1	2603	1
14322	3	14338	1
31739	1	10595	0
17944	1	7054	1
12634	5	12643	1
7703	5	7704	1
37533	5	37534	0
27696	2	27699	1
14135	3	20992	1
39888	1	7373	0
3942	1	13849	1
9476	1	19780	1
10609	3	10606	1
39026	1	8657	1
11558	5	11560	1
7387	1	32366	1
32871	4	32162	1
28690	2	29227	0
17335	3	19404	0
36456	5	36457	1
28768	2	28769	1
11995	1	5006	0
34225	5	34226	1
35810	2	35811	0
26452	1	7843	0
39106	3	39061	1
7910	3	7893	1
17237	3	17236	0
6089	1	24957	0
12768	9	6057	0
30136	1	9608	1
6448	3	6440	0
12788	3	9854	0
21180	1	1072	1
6529	1	14616	0
20973	3	20924	1
23767	3	23692	1
32675	4	30239	1
5513	1	18424	1
24055	1	16866	0
7400	3	7398	0
40031	1	1467	1
32964	4	32522	0
18166	2	16525	1
21968	1	3750	1
27977	6	21836	1
15306	1	5925	1
566	3	554	0
10973	9	4489	1
15288	1	5905	0
34256	3	34254	1
21576	3	21594	0
10321	1	16578	0
34908	2	25787	0
4547	3	5334	1
16067	2	17673	0
4617	3	4594	0
5693	1	31363	0
4517	9	26414	0
39303	3	39304	0
1980	1	10652	1
31993	3	29513	1
27801	4	27346	0
31997	1	9668	1
1897	3	721	0
13977	5	14022	1
24524	1	3425	0
9719	9	5028	0
22668	3	22656	1
362	1	15953	0
4501	3	4495	1
23401	3	22125	0
4567	1	9122	1
38316	9	5099	0
12198	1	24008	0
33714	3	33408	0
35128	3	37397	0
26452	1	13327	0
8503	1	31967	0
29066	2	29133	1
29442	3	31890	0
33070	4	31997	1
16975	3	15784	1
14832	5	14856	0
1854	3	1843	1
24563	1	10257	0
30436	1	11292	1
5074	1	30726	0
24672	3	24504	1
4690	1	24639	1
12949	3	12918	1
39557	3	39556	0
4053	9	27132	1
13461	1	26896	0
21867	3	21860	0
9319	1	19558	0
29075	2	28858	1
14050	3	14048	1
37709	3	37706	1
28841	3	32	0
11815	3	11259	1
21282	2	20896	0
30161	1	16461	1
1975	0	9831	0
23967	7	17028	1
20050	1	610	0
224	1	22080	1
28841	3	32	1
8136	3	26459	0
12149	1	2876	0
32091	1	93	0
1080	3	1059	1
6154	1	12787	1
5050	0	10333	0
22567	1	30236	0
29420	1	3804	0
4664	0	13686	0
19905	3	19896	1
3212	1	30415	1
25048	1	6915	1
32795	4	31794	1
9643	5	9809	1
37381	3	37380	0
9088	1	22069	1
4810	1	29855	1
27719	2	27721	1
24580	1	4335	0
11541	3	11552	1
31753	1	6388	0
31471	3	35	0
14902	1	31454	0
15109	1	32211	1
20695	3	20691	0
2460	1	2047	1
32126	1	13697	0
13949	5	13950	0
2605	1	522	1
12787	0	13132	1
4870	1	24668	1
22580	1	8652	0
38953	1	14299	0
12975	0	3557	0
8425	1	38088	1
35352	3	33407	0
37381	3	37380	1
34115	5	34171	0
5591	1	2704	0
14134	1	12036	1
8080	2	21554	0
26745	3	26728	0
4903	3	4897	1
6570	9	27132	0
6534	0	8596	1
11717	1	20561	1
31230	3	35	1
33456	3	33449	1
16959	3	16833	1
18756	1	6234	1
9682	3	9585	1
33104	4	31627	1
31135	9	26682	0
4126	1	26651	1
26558	5	31870	1
13839	0	3517	0
19019	3	18035	1
9645	3	9642	0
14832	5	14834	0
19299	9	16808	0
28881	4	29248	1
218	1	15024	1
5706	1	1783	1
35529	3	36223	0
31270	3	35	1
223	3	147	1
21200	3	21191	0
29354	4	29163	1
11715	0	11927	0
7538	3	7541	1
6382	3	6218	1
32955	4	32281	1
30351	3	30118	1
25540	3	25444	0
19391	3	17081	1
2123	1	26867	1
8381	1	30502	0
4091	3	4089	1
14782	1	32072	0
117	1	17402	0
7770	3	7606	1
30234	3	35	0
37700	2	37743	0
14522	5	14536	0
2385	8	2391	0
35017	3	33411	0
13674	1	31411	1
33951	5	33974	1
4875	3	5578	0
15961	1	1007	0
5063	3	5216	0
32924	4	31220	1
6705	1	21565	0
1469	1	1435	0
23177	3	23174	1
11924	1	25166	1
3679	3	3675	1
7057	4	5305	0
38630	1	5303	1
38051	1	1272	1
28215	4	27261	0
11484	1	4539	1
28462	2	28624	0
1860	1	18021	1
38309	3	38307	1
15345	5	15347	1
31703	1	5125	1
40756	2	40735	1
32312	3	35	0
2895	3	2440	0
9767	1	18566	0
2024	3	10437	1
6871	3	6869	0
22888	7	16300	0
5244	1	40884	1
2266	8	2285	1
27536	4	27534	0
19949	1	2324	1
29567	3	35	0
12707	5	12708	1
27261	2	27278	0
34409	3	33412	0
13703	1	13705	0
12428	3	12374	0
35518	2	16452	1
39701	3	39700	1
31016	3	29529	0
10434	3	10368	0
3945	1	13630	0
27536	4	27534	1
40368	3	39997	0
34730	3	37399	1
7318	1	1245	1
14103	5	14104	1
30587	3	29498	1
31468	3	30466	1
9535	1	24748	0
5591	1	4047	1
2028	10	2029	1
36171	5	36172	1
35406	3	35037	1
24003	3	23999	0
37020	5	37075	0
9739	9	5065	0
15722	3	15663	0
10299	5	10307	0
4147	1	19747	1
24268	1	9549	1
1854	3	1843	0
18542	3	16586	1
40367	3	40402	0
9885	5	11135	1
25372	3	25371	1
17975	3	16727	0
36136	5	36224	0
6614	3	14277	1
493	1	3837	0
7081	4	5305	0
13824	1	30279	1
5600	3	5591	1
1081	10	1079	1
35042	5	35048	1
12152	1	1271	0
26438	3	26554	1
27977	6	17438	0
10760	3	10680	0
27719	2	29268	1
5640	1	23786	1
1270	1	40202	0
17497	3	17610	1
11242	3	11212	1
27411	3	27483	0
12281	1	24000	0
1314	1	4452	0
4577	1	31125	1
4228	1	894	1
878	0	481	0
15155	1	20468	1
8852	3	8322	1
5608	1	32429	1
24296	1	9660	1
22668	1	32058	0
21249	2	21244	0
10495	5	10510	1
20559	9	76	0
608	3	606	0
27946	4	27442	0
2971	1	40558	1
2204	1	25113	0
22870	3	22869	0
30504	1	11009	1
26203	1	4047	0
13615	1	29853	1
9594	1	24213	0
6570	9	27132	1
26879	1	4828	1
10531	3	10300	0
11451	0	11047	0
34255	3	34254	0
26127	1	11765	1
14732	1	33152	0
36433	3	37399	1
27709	4	27528	0
7877	5	7886	1
10086	1	1503	1
15969	1	2176	1
11658	1	24926	0
33951	5	33981	0
19179	3	18044	1
10847	1	4484	0
2034	3	2010	1
20888	1	13517	0
20984	1	132	1
25277	1	10227	0
12536	1	4498	1
25806	3	25662	0
37110	5	37111	1
7263	5	13251	1
34263	3	33412	0
26503	2	26939	1
34115	5	34210	0
24626	1	384	0
31597	1	8321	1
27623	4	29081	0
24902	1	2680	0
3592	3	3487	0
10498	3	10451	0
2792	3	721	1
12707	5	12708	0
40644	3	40643	0
31281	1	38410	1
9823	3	9814	1
31	1	32527	1
16188	3	19550	0
37984	3	38137	0
27977	7	6943	0
34281	3	33591	0
19556	3	17009	1
469	3	465	1
22888	7	17967	1
3485	1	32282	1
15871	1	38670	1
3070	3	640	1
28157	4	27534	1
33776	5	35875	0
28818	1	4228	1
22283	3	22279	1
29017	1	2829	1
5924	1	6961	0
23675	7	30663	1
2650	1	1243	1
34502	3	33412	1
39769	1	14632	1
2209	1	8735	0
869	1	14214	0
33619	5	33754	1
27180	5	28018	1
2813	3	2807	1
14070	3	8522	1
12152	1	1271	1
10956	3	10944	0
12788	3	9854	1
21858	1	1899	1
12428	3	12374	1
21468	3	20883	0
9199	1	4220	1
28726	2	28903	0
787	1	7853	0
34735	5	34822	0
15158	1	39524	1
18686	3	17763	1
16266	2	16776	1
27977	6	26121	0
14582	3	14573	0
39721	3	39718	0
16222	1	7813	0
34108	5	34111	0
21290	2	21299	1
7968	3	7966	0
10411	5	10413	1
7505	0	7000	1
27420	3	27417	0
33833	3	37397	0
38170	9	76	1
15397	3	7857	1
19236	3	18382	0
14700	10	6747	1
6891	1	19186	0
1955	1	38120	0
21859	1	3774	1
15590	10	6718	0
2849	1	1371	0
7426	1	40025	0
34053	5	34072	0
27802	6	26334	1
28170	2	28177	1
8686	1	39339	0
10806	0	11833	1
30104	1	4252	1
36135	5	36620	1
27710	4	27261	1
1821	1	11194	0
20619	3	20612	0
1921	3	1915	1
14103	3	10458	1
6938	3	6929	0
11135	5	11291	1
1882	3	1867	0
14056	5	14064	1
26127	3	149	0
18360	3	16602	1
32373	3	29563	0
5706	1	1783	0
18945	1	14027	1
15302	3	7842	1
34882	5	34883	0
5777	3	5692	1
38798	1	6980	1
33193	3	33262	0
14004	3	14000	1
7943	3	1337	1
4346	10	5904	0
23367	3	23352	0
10715	3	11653	1
2034	3	2010	0
7877	5	7886	0
28269	6	26251	0
20264	1	14075	0
5775	1	9947	0
16192	1	16825	0
30824	3	31438	1
10333	0	5050	1
14832	5	14834	1
25450	1	30489	0
6516	1	31377	1
37974	1	342	1
34679	3	33398	1
6209	1	30561	0
26926	3	26923	1
23910	3	23908	1
18189	1	7448	1
8508	0	11205	1
19176	3	18974	0
2895	3	2440	1
5515	9	22643	0
33104	4	31627	0
8567	1	31921	0
31881	9	40869	1
13580	1	3417	0
15872	3	695	1
3794	1	25294	0
1465	1	20133	0
38765	1	9741	1
312	3	298	1
24524	1	3425	1
15912	1	16989	0
34758	3	34737	1
38367	3	38288	1
12092	1	21773	0
678	1	40599	0
5871	1	10453	0
32343	1	14525	1
25540	3	25444	1
7995	3	8582	1
8171	3	2567	0
2567	1	17297	0
14272	3	14265	0
8388	1	25171	1
26623	3	26136	1
22028	1	4242	1
5826	3	5813	0
27867	4	27261	0
5591	1	3619	0
29891	1	3545	1
17572	2	17576	1
10034	3	10024	1
40315	1	6699	1
23361	3	23352	0
35079	5	35094	0
33951	5	33974	0
20174	3	20173	1
15541	3	13857	0
9828	1	649	1
116	3	104	0
18129	3	19368	1
8473	3	8451	1
14997	1	26721	1
32924	4	31220	0
26055	3	26050	1
39807	3	39785	0
38921	1	1069	0
6035	1	31863	0
36364	3	33413	1
19236	3	18382	1
10612	1	20493	0
12499	1	25975	0
14955	3	13808	1
25529	3	25454	0
3543	0	9431	1
35427	3	37407	1
32387	3	30079	1
33175	3	33152	0
40368	3	39997	1
23579	3	23578	0
2903	9	2900	0
1622	0	9815	0
31667	3	32406	1
38249	1	2186	0
19589	1	7631	1
6794	1	48	0
23554	9	22495	0
36012	3	33398	0
14726	3	14048	1
20471	1	25	0
5818	1	12186	1
3874	3	3642	1
13903	5	13940	0
23829	1	9751	0
37485	5	37100	0
1049	1	5261	1
21408	2	21275	1
549	3	1343	0
25100	1	11532	1
14142	10	14143	0
6822	1	14246	1
27323	3	27331	0
4251	3	4255	1
19683	3	19682	1
12117	5	12128	1
29833	1	6070	1
27977	6	31824	0
40364	3	40253	1
26967	3	26971	0
25993	3	25439	1
9937	5	9967	1
38058	1	15975	1
5663	1	23787	1
21026	3	20896	0
38004	1	3111	1
4875	3	5578	1
5923	1	14139	0
10988	3	10999	1
35152	3	33411	1
37409	1	15378	1
13717	1	2146	0
20236	1	9874	1
40843	2	40845	0
2704	1	16804	1
31135	9	26682	1
34907	5	34909	1
2416	3	2411	1
17732	3	16919	0
36266	2	25807	0
10907	5	11010	1
7100	4	5305	0
29307	4	29248	0
3041	1	30609	1
23667	1	14081	0
26647	5	30241	0
37793	3	37788	0
26241	1	15817	1
1204	3	1168	0
31714	1	22562	0
19987	3	19986	0
2357	1	26473	0
25118	3	24964	0
18792	1	13540	1
4410	3	4395	1
23124	4	23028	1
10086	1	1503	0
24526	3	24524	0
996	3	972	1
1668	1	5520	0
7522	3	7434	1
33349	5	33382	0
943	1	2091	0
3551	1	19981	1
405	3	396	0
8017	0	6893	0
3578	1	19906	0
33593	3	33595	0
27935	2	28456	1
25174	1	8380	1
1118	1	23767	0
6637	1	14872	0
7163	4	5305	0
12793	10	12787	1
24213	1	5472	0
35355	5	35356	1
12133	1	25264	0
565	1	1469	0
7818	10	7821	1
39098	3	39054	0
8657	1	1251	1
9767	1	18566	1
39744	3	39740	1
15288	1	5905	1
14397	3	13860	1
15177	1	274	1
32384	3	32490	1
10933	3	11134	1
5448	1	24425	0
9739	9	5065	1
18439	3	18716	0
7369	1	21744	0
16616	1	40230	1
30232	1	40630	1
13155	1	27097	0
11588	3	11458	1
30587	3	29498	0
6275	1	706	1
13703	1	13705	1
28104	4	27261	1
4847	3	13740	0
18032	1	6829	1
20799	9	26682	0
39668	1	2663	1
2965	1	38026	0
32908	4	32130	1
40247	3	40064	0
15652	1	24382	0
37209	5	37216	1
1635	3	862	0
4201	1	38888	1
18282	2	17905	0
29928	1	2875	1
32973	4	29914	1
36237	2	25829	1
8295	5	10202	0
10014	3	26456	1
2112	1	833	0
31411	1	1965	0
14170	5	14173	1
4088	3	5683	1
28851	2	29192	1
13215	3	13212	0
12317	5	12318	1
8604	3	8594	0
22499	3	22498	1
27997	4	29081	1
19885	3	19880	0
6587	9	27132	1
30920	3	31900	1
26608	3	26145	1
29853	1	14884	1
25144	3	25142	1
612	1	39333	0
145	1	24431	0
16003	1	6949	1
4164	3	3767	1
8051	3	26462	0
5873	1	6951	0
22262	1	3887	0
35528	5	35531	1
16620	1	10975	0
14237	1	17586	0
37444	3	37442	1
6859	1	2328	1
27486	3	27346	1
2584	10	2585	0
11962	3	11961	0
27573	4	27261	1
39919	1	2867	0
4615	3	4559	1
31507	1	13130	1
7652	3	7666	1
18518	1	6374	0
17732	3	16919	1
8044	3	26456	1
16192	1	16825	1
3079	3	721	1
6161	3	6159	1
7758	3	7666	0
7917	3	7891	1
17768	3	18035	1
23720	1	5610	0
6965	1	3786	0
13549	3	13326	1
9442	9	5168	1
22788	3	22374	0
3951	3	3456	0
12064	1	21779	1
33062	4	32185	0
38112	1	11805	0
27652	4	27261	0
5362	1	13431	0
30725	3	29896	1
25174	1	8380	0
2951	1	39664	1
8567	1	5190	0
18793	3	17018	1
10966	3	11014	1
16657	3	16767	1
5129	1	32186	1
7769	1	1015	0
137	3	104	0
32955	4	32281	0
23368	3	23352	0
35087	5	35088	1
33950	5	33951	0
13838	3	13840	0
34837	3	34833	1
27791	4	27346	1
3643	1	38680	1
8162	3	8036	1
22394	3	22370	1
27559	2	27684	0
30012	3	31170	0
14510	1	22290	1
35588	5	35620	0
11320	1	1793	0
33484	5	33513	1
22524	9	22517	1
25071	1	12440	0
7463	5	7465	0
24244	3	24237	0
16041	1	31634	1
8508	0	11205	0
4174	3	4176	1
27597	4	27442	0
8031	3	8028	1
23967	7	18814	0
33700	5	33712	1
37664	3	37662	0
26500	3	26912	1
15686	1	18036	0
29940	9	26682	1
17505	1	629	0
39106	3	39061	0
6242	1	18594	0
19998	3	19863	0
16698	1	7632	1
23766	3	23765	1
5117	1	25356	1
35205	5	35210	0
31642	3	30601	0
23690	1	5216	0
6742	1	17651	0
37111	3	37484	0
24008	3	23989	0
7668	3	7666	1
30498	1	13985	1
9678	1	17596	1
24123	3	24121	1
31166	1	12215	0
38842	1	6073	0
38483	2	38482	0
30962	3	30478	0
19203	3	17833	0
40936	9	22643	1
27643	4	27261	1
33095	4	30681	0
25291	3	25287	1
27212	2	27343	1
31658	1	4974	0
18828	3	16364	1
14027	1	38830	1
3470	3	3436	0
21936	3	21925	1
4651	3	4644	1
30743	3	31090	0
27719	2	27722	1
7667	3	26459	1
3942	1	13849	0
27692	4	27261	0
8396	1	8514	0
35729	3	33407	0
12205	9	22541	1
14510	1	22290	0
8640	3	8309	1
23607	1	4745	1
30567	1	17154	1
9522	9	24361	0
22049	1	3795	0
16020	1	39276	0
40641	3	40622	1
15024	1	38859	0
39648	3	39645	1
28235	1	16656	1
9337	0	7113	1
28209	5	29726	0
14679	3	7842	1
21389	3	21286	0
33828	5	33851	1
387	3	435	1
26682	5	31256	1
11120	3	7384	1
36637	5	36638	1
3628	3	3623	0
12209	1	31934	0
6615	1	19743	1
16978	2	17555	1
8937	0	13315	1
14501	5	14508	0
31281	1	38410	0
28045	4	27261	1
29434	3	29420	0
7866	1	6316	1
40347	1	2879	0
39746	1	13543	1
7115	3	7119	1
37027	3	33413	1
11009	1	351	1
9373	3	9341	0
29075	2	28858	0
29345	4	28888	1
15871	1	38670	0
33756	3	37387	1
38496	3	38302	0
39692	1	7047	0
37785	3	37784	1
12723	3	12703	1
18712	3	16919	1
8414	3	8408	1
14567	5	14570	1
10469	1	1988	1
14311	1	16707	0
20432	3	20424	1
31477	1	18748	0
931	3	921	1
30558	3	31794	1
18954	1	8261	0
5302	1	20092	0
28098	2	28118	1
9042	3	8960	1
24970	1	3023	0
9682	9	2964	1
14226	1	38511	0
9873	1	14048	1
10251	3	8322	0
9640	0	8037	0
30741	3	31356	0
36212	3	36211	1
17930	3	18439	1
35777	5	35966	0
4259	1	6480	1
9554	1	29941	1
6193	1	4341	0
37201	5	37364	0
17761	1	9341	1
8157	5	8173	1
10501	1	1983	0
34253	5	34284	1
